[
    {
        "x": 100,
        "y": 150,
        "size": 50,
        "temperature": 30.0,
        "humidity": 65,
        "weather": "Sunny",
        "wind_speed": 15
    },
    {
        "x": 200,
        "y": 250,
        "size": 60,
        "temperature": 25.0,
        "humidity": 75,
        "weather": "Partly Cloudy",
        "wind_speed": 10
    },
    {
        "x": 300,
        "y": 350,
        "size": 70,
        "temperature": 20.0,
        "humidity": 80,
        "weather": "Cloudy",
        "wind_speed": 8
    },
    {
        "x": 400,
        "y": 450,
        "size": 80,
        "temperature": 18.0,
        "humidity": 85,
        "weather": "Rainy",
        "wind_speed": 12
    },
    {
        "x": 500,
        "y": 550,
        "size": 90,
        "temperature": 22.0,
        "humidity": 70,
        "weather": "Thunderstorms",
        "wind_speed": 20
    }
]
